,percent_change_1h,percent_change_24h,percent_change_7d,percent_change_30d,price,volume_24h,market_cap,total_supply,circulating_supply,timestamp
0,0.176220384731,1.35461033786,15.412275895957,18.912946200123,2619.1769670111726,22570281018.34,314779137147.2321,120182462.32,120182462.32,2024-01-12T00:00:00.000Z
1,1.009283756008,-3.674557391964,11.164989323934,11.597896410796,2522.9338061612484,23625914079.16,303209692408.87085,120181390.28,120181390.28,2024-01-13T00:00:00.000Z
2,0.039802479696,2.182773631314,14.986134725618,11.307462496267,2578.003740017632,12251672465.22,309827594268.34326,120181204.34,120181204.34,2024-01-14T00:00:00.000Z
3,-1.445272334661,-4.124775592907,11.193212261459,11.31550786064,2471.6668709651663,9409025082.23,297049202414.7473,120181730.76,120181730.76,2024-01-15T00:00:00.000Z
4,-0.01707349541,1.5762820615,7.619771173569,12.741290256597,2510.6273124722397,9701070710.93,301729246993.2768,120180819.15,120180819.15,2024-01-16T00:00:00.000Z
5,-0.283954908805,3.043755036308,10.32532871254,17.84245844357,2587.044657738529,11064643246.48,310913015990.4311,120180768.84,120180768.84,2024-01-17T00:00:00.000Z
6,0.124024787199,-2.259393237996,-2.150722837336,13.990911624958,2528.593145677652,10442487736.59,303885662565.2858,120179738.32,120179738.32,2024-01-18T00:00:00.000Z
7,0.003054793398,-2.369075456105,-5.745625546801,13.386186876216,2468.688866078645,11898761295.3,296682671602.8978,120178235.37,120178235.37,2024-01-19T00:00:00.000Z
8,0.033051780751,0.857086937897,-1.311414916766,13.082882074938,2489.8476758871207,11403987357.14,299222585362.7235,120177064.75,120177064.75,2024-01-20T00:00:00.000Z
9,-0.035166002286,-0.805233335393,-4.197245563985,10.278644398143,2469.7985924003747,5298531922.86,296808097460.5056,120175020.9,120175020.9,2024-01-21T00:00:00.000Z
10,-0.235023746364,-0.599692074538,-0.67482657863,5.512986699853,2454.9874059846975,4579035016.16,295032863314.1844,120176935.57,120176935.57,2024-01-22T00:00:00.000Z
11,-0.300338115129,-5.867069465023,-7.953220374936,0.057366328677,2310.951589518,13926095724.46,277725402692.8032,120177940.53,120177940.53,2024-01-23T00:00:00.000Z
12,0.788986289352,-2.99451178009,-13.347074808622,-1.041375794739,2241.7498719377113,16179002332.7,269409726206.4197,120178316.76,120178316.76,2024-01-24T00:00:00.000Z
13,0.61300902834,-0.347050354684,-11.651667850372,-1.683330467643,2233.96987105602,10134991903.56,268476520253.00073,120179114.2,120179114.2,2024-01-25T00:00:00.000Z
14,-0.173287879259,-0.739851443126,-10.177347854763,-0.625229485995,2217.441812726008,9300906648.44,266492473194.09085,120180142.57,120180142.57,2024-01-26T00:00:00.000Z
15,-0.006059622251,2.249323013654,-8.937431647251,-4.742514060169,2267.3192417340506,9974134948.39,272486334169.0319,120179959.29,120179959.29,2024-01-27T00:00:00.000Z
16,0.067340712502,0.038528236729,-8.162843446498,-3.351350477297,2268.19279985891,5143656543.29,272592097858.73444,120180302.96,120180302.96,2024-01-28T00:00:00.000Z
17,0.335141735652,-0.49367721669,-8.064895026616,-1.886824998859,2256.9952487753985,7295862258.42,271248506562.9861,120181248.37,120181248.37,2024-01-29T00:00:00.000Z
18,0.234301543282,2.677917778427,0.280582956044,1.112177030967,2317.435725800609,8948012668.77,278514799799.2115,120182319.06,120182319.06,2024-01-30T00:00:00.000Z
19,-0.944104337716,1.127243442074,4.541496684385,2.706740660249,2343.558868043973,10173024568.55,281656648301.8653,120183304.18,120183304.18,2024-01-31T00:00:00.000Z
20,-0.112696922388,-2.619245789546,2.157837070041,-2.993220031602,2282.1753010672064,10807593711.4,274278265812.88992,120182821.05,120182821.05,2024-02-01T00:00:00.000Z
21,0.315576203348,0.943428110288,3.890256382938,-2.218836064573,2303.7059843835173,8895200729.28,276865235003.81726,120182539.3,120182539.3,2024-02-02T00:00:00.000Z
22,0.022485507304,0.185536052393,1.793349037189,4.408493862067,2307.9801895256915,7186143091.24,277377786405.3016,120182048.21,120182048.21,2024-02-03T00:00:00.000Z
23,-0.078452622826,-0.514010007743,1.231118470953,1.176852556976,2296.116940374807,4647710082.32,275951229578.09,120181696.64,120181696.64,2024-02-04T00:00:00.000Z
24,0.090036718047,-0.301007865221,1.427127462128,0.866498574937,2289.2054477896063,5438106451.02,275122592462.4801,120182569.34,120182569.34,2024-02-05T00:00:00.000Z
25,0.303220725139,0.425899555068,-0.797457378797,2.539792346766,2298.955163606345,7276754673.46,276295848589.2967,120183226.26,120183226.26,2024-02-06T00:00:00.000Z
26,-0.375385990179,3.188733376683,1.224797318756,6.721303999824,2372.262714223233,9521601650.48,285107173321.7738,120183642.23,120183642.23,2024-02-07T00:00:00.000Z
27,-0.034891493507,2.184303684167,6.217963841541,3.909866771627,2424.0801360881387,9660628536.26,291331225214.0774,120182175.86,120182175.86,2024-02-08T00:00:00.000Z
28,-0.196598740849,-0.177653053882,5.038303503187,3.192005698612,2419.7736836978324,9941206024.75,290809061784.0325,120180272.95,120180272.95,2024-02-09T00:00:00.000Z
29,-0.35412064347,2.805082848821,7.784735396311,-3.735091568251,2487.6503402795342,13636420394.52,298957777734.26514,120176767.97,120176767.97,2024-02-10T00:00:00.000Z
30,0.162936343092,0.541859925731,8.928682010314,-4.507028273849,2501.1299205658315,6473607735.97,300565713106.8423,120171971.33,120171971.33,2024-02-11T00:00:00.000Z
31,0.240175797292,0.257843071106,9.539268884172,-0.608612693618,2507.5789107653636,7347471953.81,301337204028.0379,120170576.78,120170576.78,2024-02-12T00:00:00.000Z
32,0.14224349827,6.061915239031,15.686737218299,3.164560144105,2659.586218887778,13028241104.26,319602469115.20355,120169997.44,120169997.44,2024-02-13T00:00:00.000Z
33,0.166422612133,-0.673068387424,11.357202091217,6.878698575614,2641.6853848121627,18267545506.41,317446503005.15594,120168171.74,120168171.74,2024-02-14T00:00:00.000Z
34,0.103515302647,5.145050557645,14.583729806763,10.633761515943,2777.601433434655,21449031198.65,333776881953.10114,120167306.2,120167306.2,2024-02-15T00:00:00.000Z
35,0.339348175346,1.723760866672,16.766318230989,9.216539093153,2825.4806399763334,23736337882.55,339529289637.7971,120166914.2,120166914.2,2024-02-16T00:00:00.000Z
36,0.474091038259,-0.769600609598,12.706182149054,10.881251439745,2803.7357237470055,17055693705.67,336912574522.8865,120165596.09,120165596.09,2024-02-17T00:00:00.000Z
37,0.031897830859,-0.607261233895,11.418031533739,12.882176522404,2786.709723595824,17931939458.42,334865312939.13007,120165121.65,120165121.65,2024-02-18T00:00:00.000Z
38,0.011928473816,3.3942271898,14.903541833325,15.721817468545,2881.2969827349034,23362906376.52,346232360557.8033,120165454.18,120165454.18,2024-02-19T00:00:00.000Z
39,-0.58672599141,2.179905981287,10.697917108,19.204317188424,2944.1065480001766,15162517653.21,353780071871.1954,120165512.39,120165512.39,2024-02-20T00:00:00.000Z
40,0.653785613943,2.430167714966,14.156412877997,22.837830755156,3015.6532748238774,20343045699.39,362374402804.4631,120164478.4,120164478.4,2024-02-21T00:00:00.000Z
41,1.204318161795,-1.527147912781,6.912379617713,28.501168187607,2969.599788780698,18896319653.9,356835736505.48315,120162904.73,120162904.73,2024-02-22T00:00:00.000Z
42,-0.593259908321,0.0181764731,5.119798566816,32.492014138945,2970.1395572874976,18058386091.68,356895147045.0823,120161069.93,120161069.93,2024-02-23T00:00:00.000Z
43,-0.025240827328,-1.622030635327,4.216776175014,30.79688413054,2921.9629837563266,12822508885.03,351098520089.6867,120158442.13,120158442.13,2024-02-24T00:00:00.000Z
44,0.129396840836,2.409466914474,7.37992155286,34.946797608387,2992.3667151031173,10701455114.37,359552435835.3614,120156541.65,120156541.65,2024-02-25T00:00:00.000Z
45,0.335089381622,4.015627679299,8.025276111126,37.277934394473,3112.5290211809292,14622614509.54,373989110649.2018,120156023.64,120156023.64,2024-02-26T00:00:00.000Z
46,-0.274182569199,2.116476511377,7.958218053725,40.129400244182,3178.4049668240145,17504337543.84,381902639404.4805,120155437.52,120155437.52,2024-02-27T00:00:00.000Z
47,-0.150356073018,2.060411573276,7.568506555034,43.726186059368,3243.893190606028,21093064700.44,389765579099.10065,120153641.38,120153641.38,2024-02-28T00:00:00.000Z
48,1.339350617073,4.405492708414,14.049128147921,46.144405684298,3386.8026685869027,32899836458.94,406927717510.0531,120150997.07,120150997.07,2024-02-29T00:00:00.000Z
49,0.551309347368,-1.323870219888,12.518813752414,42.602169811951,3341.9657966510918,28457355114.0,401527460334.21173,120147088.5,120147088.5,2024-03-01T00:00:00.000Z
50,-0.000718043588,2.818500731168,17.597626875059,50.565082597216,3436.1591270650974,16876749215.73,412827318103.2441,120142083.89,120142083.89,2024-03-02T00:00:00.000Z
51,0.435956059532,-0.386591502848,14.386890168894,48.581253469788,3422.875227855541,12024337837.92,411220376778.1495,120138874.31,120138874.31,2024-03-03T00:00:00.000Z
52,0.446573299489,1.941784406881,12.106266690266,51.18587677367,3489.340085297017,13647334861.58,419196077302.3762,120136205.43,120136205.43,2024-03-04T00:00:00.000Z
53,0.569868228253,4.086413219189,14.268917199504,58.177002048171,3631.9289398050555,26771820706.68,436315015919.2447,120133136.73,120133136.73,2024-03-05T00:00:00.000Z
54,1.449263410543,-2.022995536631,9.697051362977,55.44499000276,3558.455179459192,47705715256.94,427467014311.7025,120127131.79,120127131.79,2024-03-06T00:00:00.000Z
55,0.080029242219,7.33408103081,12.77406862796,66.137871074191,3819.4351657657685,34941392288.34,458789765269.9456,120119793.99,120119793.99,2024-03-07T00:00:00.000Z
56,0.318382476813,1.456850681057,15.952073383692,63.349472626163,3875.0786329907623,22453017991.94,465451293698.80676,120114025.49,120114025.49,2024-03-08T00:00:00.000Z
57,0.08635994972,0.436108311444,13.265364875824,60.554847797437,3891.9781729842243,26131983035.92,467462260270.2151,120109168.01,120109168.01,2024-03-09T00:00:00.000Z
58,0.109255170741,0.558544418141,14.340031093586,61.738952125632,3913.7165998246805,11927156383.25,470057648001.5722,120105182.89,120105182.89,2024-03-10T00:00:00.000Z
59,1.399691091955,-0.80737787788,11.256513349123,56.055618224809,3882.1181177947897,15792544231.93,466249382572.1744,120101802.27,120101802.27,2024-03-11T00:00:00.000Z
60,-0.040963854753,4.737603584086,11.952561635199,62.568023813894,4066.0374848818897,28806211515.33,488323364793.5661,120098097.13,120098097.13,2024-03-12T00:00:00.000Z
61,0.760532754348,-2.114001313181,11.848574685769,58.722079770652,3980.0813990570405,26919226952.16,477981820920.92694,120093478.75,120093478.75,2024-03-13T00:00:00.000Z
62,0.531522599016,0.668505127482,4.902643280878,50.650819997227,4006.688447287689,22028565522.67,481161706395.3742,120089623.32,120089623.32,2024-03-14T00:00:00.000Z
63,0.10667975146,-3.156335125499,0.132779227293,46.884407763514,3880.223932456645,25435357556.28,465959879813.4906,120085821.83,120085821.83,2024-03-15T00:00:00.000Z
64,0.35621088675,-3.557166851261,-3.848435765835,34.727677194102,3742.197892976595,33506499030.08,449373272428.06696,120082712.16,120082712.16,2024-03-16T00:00:00.000Z
65,-1.020478550271,-5.930041559228,-10.052659335317,24.590625498819,3520.284002694539,20207864383.85,422717711013.5554,120080570.4,120080570.4,2024-03-17T00:00:00.000Z
66,-0.066859872086,3.462822274079,-6.180464614003,29.90472498539,3642.1851812506766,19936222397.23,437351708856.42365,120079481.71,120079481.71,2024-03-18T00:00:00.000Z
67,-0.046760797556,-3.355267595803,-13.429717872183,26.313124480832,3519.9801220850295,21162220223.79,422675313837.18994,120078892.26,120078892.26,2024-03-19T00:00:00.000Z
68,-1.545431841704,-10.270352893565,-20.643187284766,9.619583149168,3158.465741763556,34176814330.74,379260436980.25696,120077426.19,120077426.19,2024-03-20T00:00:00.000Z
69,-0.150261011282,11.332681096971,-12.236635363672,19.438768077985,3516.4045918347115,36603863194.52,422234613303.4221,120075663.16,120075663.16,2024-03-21T00:00:00.000Z
70,0.25672687449,-0.693908183404,-10.005091628835,15.795937210797,3492.0039726103882,22213287385.13,419299978179.06335,120074313.05,120074313.05,2024-03-22T00:00:00.000Z
71,1.495350497847,-4.465411829304,-10.852613636524,12.340781634668,3336.071614137688,20584862086.9,400573821014.881,120073507.81,120073507.81,2024-03-23T00:00:00.000Z
72,-1.469075215839,-0.110710899455,-5.337801816657,12.196014866404,3332.378219247218,13240034536.99,400130080176.40295,120073429.2,120073429.2,2024-03-24T00:00:00.000Z
73,0.354198056331,3.640509483671,-5.17522881237,18.197724733351,3453.693764350705,12111190159.01,414698079995.2908,120073784.27,120073784.27,2024-03-25T00:00:00.000Z
74,-0.597241982207,3.973926270702,2.015945647863,20.003373585115,3590.941008161839,18602258634.58,431179588603.72534,120074261.21,120074261.21,2024-03-26T00:00:00.000Z
75,-0.480296627042,-0.095013175805,13.584551310206,15.260905734706,3587.529141068716,18505676251.04,430769032489.6594,120074016.28,120074016.28,2024-03-27T00:00:00.000Z
76,-0.404867652226,-2.439363557607,-0.466053573295,10.118638094135,3500.01626258296,18752252581.74,420258205445.6213,120073215.07,120073215.07,2024-03-28T00:00:00.000Z
77,-0.166669313582,1.754481619878,1.987953981061,9.788553301206,3561.4234046027045,16417872136.53,427626669365.37085,120071842.29,120071842.29,2024-03-29T00:00:00.000Z
78,-0.288853517912,-1.406187284377,5.253829284237,3.67722790916,3511.3431215443557,12712346710.27,421609544454.9179,120070733.58,120070733.58,2024-03-30T00:00:00.000Z
79,0.014708848032,-0.090110439072,5.275536089439,4.973517034665,3508.179034840198,9389544682.53,421228933238.22833,120070534.9,120070534.9,2024-03-31T00:00:00.000Z
80,0.441349638233,3.936549967897,5.576246891,6.114999936698,3646.280255509984,10500011934.77,437810934730.0388,120070566.18,120070566.18,2024-04-01T00:00:00.000Z
81,-0.002217528972,-3.861619114346,-2.380050459392,2.41316340347,3505.4748002006,16002229167.51,420905248472.4164,120070824.2,120070824.2,2024-04-02T00:00:00.000Z
82,-0.63385150478,-6.479275851414,-8.618291612896,-6.046835852782,3278.345417993798,22077652341.91,393633319695.4249,120070727.61,120070727.61,2024-04-03T00:00:00.000Z
83,-0.237528413602,1.026151711346,-5.372262094571,-8.809168062023,3311.9862156043896,16007076805.97,397667828263.82733,120069288.45,120069288.45,2024-04-04T00:00:00.000Z
84,0.476098857941,0.529466338045,-6.51147899366,-6.433497126617,3329.522067736719,14476676139.65,399769846956.5222,120092709.42,120068237.67,2024-04-05T00:00:00.000Z
85,0.099536723388,-0.314382133603,-5.476208666227,-13.100903636993,3319.054645221373,15214130129.15,398512756045.5997,120068151.52,120068151.52,2024-04-06T00:00:00.000Z
86,-0.711626734441,1.045744684383,-4.40158699317,-13.453021205995,3353.7634827455404,8957090271.6,402681245252.1714,120068468.55,120068468.55,2024-04-07T00:00:00.000Z
87,0.988409022649,2.987645816959,-5.274366885838,-11.254331251808,3453.962057148502,9929235384.17,414715795850.3515,120069586.46,120069586.46,2024-04-08T00:00:00.000Z
88,-0.745801949986,6.984556601126,5.412424924577,-5.583199555712,3695.2059920114402,19056260864.27,443685388405.6808,120070542.58,120070542.58,2024-04-09T00:00:00.000Z
89,-0.333025968475,-5.140380524305,6.921568533501,-9.707581363953,3505.2583428651174,18280614534.62,420877999453.36475,120070465.08,120070465.08,2024-04-10T00:00:00.000Z
90,0.179404680941,1.143704474694,7.045981129939,-12.805817640291,3545.3481393820525,16877559508.31,425690618578.29724,120070188.27,120070188.27,2024-04-11T00:00:00.000Z
91,-0.123849837625,-1.170944061967,5.235346833117,-11.965767918766,3503.834095867911,14078460994.02,420707284652.04395,120070549.33,120070549.33,2024-04-12T00:00:00.000Z
92,0.614374680559,-7.548126207855,-2.401116508828,-19.151181360487,3239.3602761979364,22111035278.99,388953107089.58575,120070962.76,120070962.76,2024-04-13T00:00:00.000Z
93,-0.348311715332,-7.016947669737,-10.188775198987,-22.374169295021,3012.0560607828784,29947354285.32,361658941041.05554,120070454.78,120070454.78,2024-04-14T00:00:00.000Z
94,-0.022085261144,4.878217448176,-8.540086636134,-15.584616435767,3158.990705088833,25464291854.99,379294977012.51666,120068405.52,120068405.52,2024-04-15T00:00:00.000Z
95,-0.810342129307,-1.799246790028,-16.049262938611,-11.877772820155,3102.152666230227,21923921104.74,372473844765.0295,120069475.89,120069475.89,2024-04-16T00:00:00.000Z
96,-0.294756012745,-0.537738678794,-11.975926175339,-15.285164319702,3085.4711914686636,19440967484.48,370473783906.2472,120070407.7,120070407.7,2024-04-17T00:00:00.000Z
97,-0.744112190788,-3.242251342195,-15.792967489208,-15.186098875416,2985.4324603502173,17714666533.84,358466052045.1566,120071733.93,120071733.93,2024-04-18T00:00:00.000Z
98,-0.188524908891,2.699649971198,-12.495038206233,-2.926644213204,3066.0286869062056,15182979510.69,368144554238.42914,120072116.68,120072116.68,2024-04-19T00:00:00.000Z
99,-0.415717275004,-0.236830752921,-5.57495532197,-13.014350078348,3058.767388082246,20407869812.47,367276471842.03815,120073358.07,120073358.07,2024-04-20T00:00:00.000Z
100,0.40333901679,3.226317245113,4.827163375942,-9.580488665609,3157.4529278118453,9919653806.93,379140095330.4515,120072140.23,120077829.82,2024-04-21T00:00:00.000Z
101,-0.259534977079,-0.295513448708,-0.344048980511,-5.633853409131,3148.1222297735253,9393400029.83,378024117789.47894,120071333.21,120079237.78,2024-04-22T00:00:00.000Z
102,-0.570521827749,1.700458976897,3.207517530854,-3.922827896869,3201.6547568334086,12064927055.89,384456144553.5107,120072366.96,120080450.19,2024-04-23T00:00:00.000Z
103,0.117408337994,0.564007145921,4.35074964732,-6.774817394531,3219.712318449655,11056149451.76,386627647764.8885,122044084.87,120081426.39,2024-04-24T00:00:00.000Z
104,0.283456825376,-2.487333986044,5.164908648836,-12.568117589123,3139.627319700015,14002385488.35,377014947834.69495,122047160.17,120082707.1,2024-04-25T00:00:00.000Z
105,-0.133666134177,0.519372657586,2.93229476379,-12.030437622912,3155.9336855486504,13987781131.73,378978506015.4552,122048136.09,120084432.62,2024-04-26T00:00:00.000Z
106,-0.02856058508,-0.822327395969,2.328198948667,-10.572370428248,3129.9815782537544,10619169943.58,375867899257.39825,122049444.67,120086297.59,2024-04-27T00:00:00.000Z
107,0.301908921863,3.928164488548,3.02393978564,-8.662014213059,3252.932403108815,11825025512.49,390638423086.43225,122051274.33,120088085.05,2024-04-28T00:00:00.000Z
108,-0.831270283523,0.293001323149,3.632047931181,-7.087874207629,3262.4635380910595,11379794329.96,391788094672.351,122053053.9,120089647.01,2024-04-29T00:00:00.000Z
109,0.028439395566,-1.445111096139,0.42673428895,-8.347969600101,3215.317315494621,15036460760.97,386129511262.739,122054907.66,120090639.08,2024-04-30T00:00:00.000Z
110,0.146337505289,-6.34541006766,-6.473251364892,-17.414679184367,3011.292246850002,18266747650.01,361630332809.89825,122056395.22,120091410.32,2024-05-01T00:00:00.000Z
111,0.093754255714,-1.406559190482,-5.436654205082,-15.30572010303,2968.9366389996558,20010900485.84,356550830713.1014,122059899.01,120093782.41,2024-05-02T00:00:00.000Z
112,-0.339681639852,0.613343800233,-5.348251090121,-8.882498732065,2987.146427807801,13160687588.88,358731316990.28467,120091641.19,120091641.19,2024-05-03T00:00:00.000Z
113,-0.21104656651,3.929136710642,-0.813617681563,-6.26423865907,3104.515494703425,12863623251.69,372833725048.87885,120094013.28,120094013.28,2024-05-04T00:00:00.000Z
114,0.31062410219,0.419569107272,-4.162131384278,-6.366709118439,3117.5410826496804,8283674310.81,374403532273.88916,120095781.37,120095781.37,2024-05-05T00:00:00.000Z
115,0.156583214865,0.635778195338,-3.83458106264,-5.474236960789,3137.361729083878,8784071506.58,376790068975.02185,120097745.02,120097745.02,2024-05-06T00:00:00.000Z
116,-0.616463202212,-2.383460112551,-4.750179743501,-8.682172149553,3062.583963684719,13011203300.65,367815098592.16376,120099596.6,120099596.6,2024-05-07T00:00:00.000Z
117,-1.02428804748,-1.852850798038,-0.181098150892,-12.974178565397,3005.8388522730015,11790572941.76,361005865921.8947,120101536.93,120101536.93,2024-05-08T00:00:00.000Z
118,0.173584639552,-1.093654820379,0.135695444615,-19.545341796927,2972.965350772283,11734381082.28,357063012232.16656,120103321.13,120103321.13,2024-05-09T00:00:00.000Z
119,-0.563180467661,2.11493544668,1.630158486112,-13.391785944318,3035.8416487932873,10863280403.94,364620498027.08594,120105242.7,120105242.7,2024-05-10T00:00:00.000Z
120,0.166504441196,-4.157888444106,-6.277976558313,-17.931480201436,2909.614739696764,12278193520.28,349465999492.23236,120107309.99,120107309.99,2024-05-11T00:00:00.000Z
121,-0.134544323295,0.072417547291,-6.601974628924,-16.898981753712,2911.7218113268664,6796593410.06,349724334776.35956,120109116.68,120109116.68,2024-05-12T00:00:00.000Z
122,-0.069133836331,0.573242099211,-6.660013111832,-9.599032621392,2928.413026561294,5909099797.82,351735250126.9158,120111216.19,120111216.19,2024-05-13T00:00:00.000Z
123,0.326072728418,0.747294283284,-3.666416180469,-2.050399123949,2950.296889699739,13353967743.05,354369806863.162,120113269.99,120113269.99,2024-05-14T00:00:00.000Z
124,-0.256874541832,-2.348324877595,-4.152734878073,-8.799531152942,2881.014333876001,12444897732.57,346052999116.2788,120114986.95,120114986.95,2024-05-15T00:00:00.000Z
125,0.697897089148,5.361281744859,2.102556581641,-2.149444078985,3035.473629424861,14668430677.45,364611187676.77094,120116737.02,120116737.02,2024-05-16T00:00:00.000Z
126,0.192407827994,-2.980845572893,-2.992606702777,-4.552962404293,2944.990848125817,13016314709.32,353747619496.1204,120118410.46,120118410.46,2024-05-17T00:00:00.000Z
127,0.048459663808,5.049969219244,6.327203297992,3.626929115081,3093.7119794657306,14450260477.73,371617646386.27106,120120311.41,120120311.41,2024-05-18T00:00:00.000Z
128,0.151516036121,0.955684644494,7.26567688055,1.867217457444,3123.278109798368,9401193910.84,375175248425.93005,120122267.45,120122267.45,2024-05-19T00:00:00.000Z
129,-0.182942020931,-1.671316025371,4.871759358298,0.402478272723,3071.0782622323986,8749434125.11,368911259105.0427,120124343.18,120124343.18,2024-05-20T00:00:00.000Z
130,1.332697730365,19.228888696834,24.109966554667,15.967286505433,3661.6124830697395,31238239703.02,439856886855.10956,120126553.23,120126553.23,2024-05-21T00:00:00.000Z
131,-0.637076854494,3.488140867368,31.527796996356,20.36809272075,3789.334684496352,37638859226.06,455203108222.113,120127448.78,120127448.78,2024-05-22T00:00:00.000Z
132,-0.176184092195,-1.383921127636,23.107420370139,16.717559044272,3736.8932812007865,25157318542.53,448907426608.14703,120128511.26,120128511.26,2024-05-23T00:00:00.000Z
133,-0.632170938799,1.224895510031,28.444077224354,17.484605613408,3782.666319216881,45627166188.63,454411500966.156,120129946.08,120129946.08,2024-05-24T00:00:00.000Z
134,-0.254608115212,-1.471682096159,20.470086452041,18.708277025555,3726.9974962395167,22253456308.09,447728498028.3519,120131150.74,120131150.74,2024-05-25T00:00:00.000Z
135,0.318603056475,0.59762937653,20.042820278391,18.800694238535,3749.2711281395923,9999732616.42,450410303833.7637,120132764.06,120132764.06,2024-05-26T00:00:00.000Z
136,-0.320411315069,2.005565705806,24.53167576795,22.188106494766,3824.465224103246,14657498854.91,459451648197.4717,120134874.1,120134874.1,2024-05-27T00:00:00.000Z
137,0.188398775002,1.751982871735,6.277472500382,19.629574719903,3891.4691997650084,18944821999.62,467508531536.27655,120136767.77,120136767.77,2024-05-28T00:00:00.000Z
138,-0.481354945152,-1.31436373945,1.345525254966,17.71230834716,3840.321139671429,19845498088.19,461367088338.9085,120137632.13,120137632.13,2024-05-29T00:00:00.000Z
139,-0.320980777878,-2.014565252589,0.697426478142,17.032161842008,3762.955364403787,17417115753.9,452075425198.615,120138396.93,120138396.93,2024-05-30T00:00:00.000Z
140,0.01817852214,-0.43026067585,-0.949104916115,24.423820077254,3746.764847220958,15053981171.51,450135197034.80383,120139697.95,120139697.95,2024-05-31T00:00:00.000Z
141,-0.271470623637,0.331389189525,0.863529548237,26.617091503448,3759.1812208815795,15290888606.64,451630972308.264,120140782.2,120140782.2,2024-06-01T00:00:00.000Z
142,-0.158983676403,1.440032941244,1.708159758388,27.657440334515,3813.314668783348,8660568791.28,458139596919.0089,120142090.73,120142090.73,2024-06-02T00:00:00.000Z
143,-0.026270429643,-0.892099492044,-1.181057048852,21.735456448547,3779.2961079930856,11129132455.64,454059567509.2079,120143951.29,120143951.29,2024-06-03T00:00:00.000Z
144,-0.279796464642,-0.34529933602,-3.217884292818,20.808230710625,3766.2462236259385,14082404819.98,452497728643.1067,120145551.24,120145551.24,2024-06-04T00:00:00.000Z
145,-0.078766383523,1.202567640672,-0.749501321512,21.488633160967,3811.5378819792863,13332324143.77,457943972799.2975,120146771.98,120146771.98,2024-06-05T00:00:00.000Z
146,0.370785804236,1.421597302657,2.73102461612,26.224216137024,3865.7226016992504,15478122962.21,464460222265.8512,120148357.79,120148357.79,2024-06-06T00:00:00.000Z
147,0.035635042702,-1.387307579663,1.743591991492,26.822937834956,3812.0931390371397,13605613821.45,458019423031.7063,120149064.13,120149064.13,2024-06-07T00:00:00.000Z
148,-0.434504609748,-3.533303360511,-2.175497589144,23.694691668521,3677.400324049733,18227922120.1,441838033121.64703,120149560.61,120149560.61,2024-06-08T00:00:00.000Z
149,0.122949335732,0.096146100615,-3.471485550398,21.249275387221,3680.9360010653095,9095762898.15,442261598379.39996,120149222.44,120149222.44,2024-06-09T00:00:00.000Z
150,-0.02503436424,0.677580173671,-1.942658428477,27.366597476073,3705.877293614059,7911273525.44,445266141825.62946,120151345.16,120151345.16,2024-06-10T00:00:00.000Z
151,-0.177765122684,-1.066374168991,-2.65217519712,25.917206827864,3666.3587754204736,10377788787.0,440528287920.1736,120154167.91,120154167.91,2024-06-11T00:00:00.000Z
152,-0.072074216365,-4.594800545644,-8.228725236078,19.446842732755,3497.8969024021917,19185836575.27,420292267136.16656,120155704.66,120155704.66,2024-06-12T00:00:00.000Z
153,-0.297292102612,1.767588314655,-7.915655465217,20.656511950904,3559.7253193077254,17143240789.11,427716309095.298,120154301.45,120154301.45,2024-06-13T00:00:00.000Z
154,-0.356815499119,-2.577593272255,-9.027141979998,20.373232378224,3467.970078966501,14472634608.02,416685586856.93115,120152589.95,120152589.95,2024-06-14T00:00:00.000Z
155,-0.095277837663,0.340704728795,-5.373761070793,14.637319965058,3479.785617018731,15793645885.21,418100117635.22296,120151113.79,120151113.79,2024-06-15T00:00:00.000Z
156,-0.05031262482,2.499472445704,-3.101768173817,21.112834763326,3566.761899685699,12734543944.49,428564510892.3387,120155065.84,120155065.84,2024-06-16T00:00:00.000Z
157,-0.103192164889,1.559444347587,-2.253008410065,17.088584540692,3622.3835665222505,9878372258.62,435245992045.3184,120154584.42,120154584.42,2024-06-17T00:00:00.000Z
158,-0.345590099174,-3.086872588556,-4.249272474642,12.400019394416,3510.5652011549014,17841080230.13,421826930689.46796,120159263.97,120159263.97,2024-06-18T00:00:00.000Z
159,0.109987928884,-0.803701937674,-0.444443682191,13.391793476423,3482.3507206098966,21024455405.31,425811370195.32886,122276991.71,122276991.71,2024-06-19T00:00:00.000Z
160,0.084183727969,2.211052106835,-0.01061906997,-2.792899957526,3559.347309585332,15275373777.69,435222804696.7244,122276014.91,122276014.91,2024-06-20T00:00:00.000Z
161,-0.139280252104,-1.35077966116,1.248519742241,-7.338130241613,3511.2683700574134,16107005961.62,429341110321.05066,122275219.4,122275219.4,2024-06-21T00:00:00.000Z
162,-0.137549802028,0.150452700056,1.056546441477,-5.896398331279,3516.551168126383,15933509610.16,429992372230.3545,122276728.44,122276728.44,2024-06-22T00:00:00.000Z
163,-0.159321846726,-0.614159523777,-2.013253687418,-7.606073618928,3494.9539342188446,7423428008.42,427349746294.6389,122276217.18,122276217.18,2024-06-23T00:00:00.000Z
164,-0.122568656167,-2.179450539588,-5.620620261276,-8.269776266534,3418.7831418411674,9418443624.14,418034985196.20404,122275958.39,122275958.39,2024-06-24T00:00:00.000Z
165,0.572524346865,-1.995667106567,-4.557943828182,-10.634480763808,3350.55561123457,23137134267.03,402584961313.5779,120154687.17,120154687.17,2024-06-25T00:00:00.000Z
166,-0.233743973552,1.307776014231,-2.526378122326,-11.245803662454,3394.3733738617593,13234340346.4,407925272126.91473,120176900.77,120176900.77,2024-06-26T00:00:00.000Z
167,-0.272161196048,-0.750866901768,-5.351013692803,-13.428939695104,3368.886147675013,11695198642.86,404869330306.71075,120178988.71,120178988.71,2024-06-27T00:00:00.000Z
168,-0.042907573234,2.274123521737,-1.873100633334,-10.280972484645,3445.4987799798178,11772295535.0,414083059016.32666,120180875.24,120180875.24,2024-06-28T00:00:00.000Z
169,0.17810900781,-2.084132711413,-4.062535946763,-10.344670979921,3373.6900128349243,12861348913.34,405459195116.3604,120182706.05,120182706.05,2024-06-29T00:00:00.000Z
170,0.072092462899,-0.018210873478,-3.487264842332,-9.973650016574,3373.0756344151323,6584888976.46,405392146141.0837,120184718.66,120184718.66,2024-06-30T00:00:00.000Z
171,-0.356245925758,1.764912882439,0.404364313459,-8.687363573913,3432.6074808213234,8398135827.93,412555200310.82904,120187117.99,120187117.99,2024-07-01T00:00:00.000Z
172,-0.012268461216,0.197339068843,2.651075091206,-9.80599150087,3439.38135646102,12281288595.79,413376989893.1193,120189344.26,120189344.26,2024-07-02T00:00:00.000Z
173,-0.076229242164,-0.672402117719,0.64464061881,-9.606053990888,3416.2548833837477,9421948192.13,410604537336.0689,120191423.46,120191423.46,2024-07-03T00:00:00.000Z
174,-0.202210105103,-3.64250114098,-2.287651883115,-12.596852015997,3291.817760277715,16120973121.83,395655033417.39325,120193480.39,120193480.39,2024-07-04T00:00:00.000Z
175,-2.210077011937,-7.108066432947,-11.251364104575,-19.774294216441,3057.8331670256134,20262647459.56,367536674415.6176,120195136.34,120195136.34,2024-07-05T00:00:00.000Z
176,0.159356237978,-2.480353235632,-11.610489055535,-22.860784117922,2981.9881031270543,31118153432.34,358425570739.55096,120196847.99,120196847.99,2024-07-06T00:00:00.000Z
177,0.070646426494,2.864432652345,-9.062070451499,-19.5348845853,3067.405144042081,11587001182.86,368697105529.1792,120198372.31,120198372.31,2024-07-07T00:00:00.000Z
178,-0.28054836339,-4.484034450833,-14.646179121664,-20.327911501076,2929.8616406366077,10861353274.01,352171586787.49744,120200756.89,120200756.89,2024-07-08T00:00:00.000Z
179,-0.181325588677,3.035695347978,-12.228304997564,-17.988160802309,3018.8033141636024,22626970690.56,362869449001.3566,120203077.59,120203077.59,2024-07-09T00:00:00.000Z
180,0.218644773405,1.567970773364,-10.248580024039,-17.262849659956,3066.137267835018,15270180764.6,368565630599.124,120205195.79,120205195.79,2024-07-10T00:00:00.000Z
181,0.029636328454,1.14795856553,-5.786544727482,-15.411026492453,3101.335253232047,14578181715.72,372803151917.1831,120207304.75,120207304.75,2024-07-11T00:00:00.000Z
182,-0.097088851805,-0.043376093646,1.378651019202,-11.375603637163,3099.990015148324,15230948310.79,372647231131.2533,120209171.42,120209171.42,2024-07-12T00:00:00.000Z
183,0.216008400917,1.114862154478,5.116134679838,-11.944030804338,3134.5506306197944,12751316700.41,376808211723.75867,120211237.95,120211237.95,2024-07-13T00:00:00.000Z
184,-0.526111945318,1.345992751577,3.564456135595,-8.397668302572,3176.741454902452,8566119885.38,381886843595.416,120213385.01,120213385.01,2024-07-14T00:00:00.000Z
185,-0.032143258053,2.18432137995,10.79470964309,-6.714606732909,3246.1316976876083,10517333645.55,390236078923.89624,120215726.06,120215726.06,2024-07-15T00:00:00.000Z
186,0.31936587347,7.393796596037,15.480993952068,-2.260252556772,3486.1440726540973,18305244471.64,419097090855.9042,120217949.15,120217949.15,2024-07-16T00:00:00.000Z
187,0.451193025863,-1.130399463004,12.412994517072,-4.848930117956,3446.7367187772766,20445844384.32,414365244596.7948,120219581.13,120219581.13,2024-07-17T00:00:00.000Z
188,-0.211670349274,-1.703253132398,9.244238078369,-3.490467388709,3388.030067649206,16739890473.66,407313101455.05084,120221218.03,120221218.03,2024-07-18T00:00:00.000Z
189,-0.173544192811,1.118016708,10.513543370677,-1.620799145768,3425.908809877597,15034951096.84,411872103619.38165,120222728.18,120222728.18,2024-07-19T00:00:00.000Z
190,-0.132840643927,2.327761977992,11.839182889876,-1.508464680761,3505.6558125546208,17705382791.45,421464608502.70917,120224183.73,120224183.73,2024-07-20T00:00:00.000Z
191,0.079833751039,0.378364991587,10.771368612461,0.217916035205,3518.9199868748547,10360670696.44,423065798383.9458,120226035.25,120226035.25,2024-07-21T00:00:00.000Z
192,0.040749068847,0.48572626652,8.930032261717,0.553415448606,3536.0123055489435,13850181732.94,425141773317.99805,120231983.54,120231983.54,2024-07-22T00:00:00.000Z
193,-0.254925779316,-2.695249434454,-1.303334510157,-1.552122899427,3440.707953881403,18720738794.1,413690218133.7726,120234040.11,120234040.11,2024-07-23T00:00:00.000Z
194,0.007186111718,1.234750095547,1.057678111983,1.883973159924,3483.1920986294513,24473763760.79,418805641262.42926,120236159.65,120236159.65,2024-07-24T00:00:00.000Z
195,0.208674296087,-4.242381748907,-1.552768831473,-0.451680862302,3335.4217927578247,16035723506.04,401045335708.3376,120238266.89,120238266.89,2024-07-25T00:00:00.000Z
196,0.290714173341,-4.824845370347,-7.338664717062,-6.477794303554,3174.492848808405,25294718608.13,381702816141.7968,120240565.76,120240565.76,2024-07-26T00:00:00.000Z
197,-0.123839714931,3.187981348207,-6.559706261023,-2.766227615343,3275.6950887285698,15994789991.31,393878487064.552,120242719.91,120242719.91,2024-07-27T00:00:00.000Z
198,-0.81095927217,-0.812138818846,-7.667923412732,-5.700390428088,3249.091897325965,15196030118.72,390687433420.7484,120245116.41,120245116.41,2024-07-28T00:00:00.000Z
199,0.360311915714,0.663556373937,-7.504522861155,-3.054179807189,3270.6514537057524,8958103915.39,393287469052.0138,120247441.41,120247441.41,2024-07-29T00:00:00.000Z
200,-0.36089035507,1.454987956081,-3.559410362065,-1.625714982881,3318.239038442549,18347287323.53,399010520474.52435,120247672.29,120247672.29,2024-07-30T00:00:00.000Z
201,-0.001884430423,-1.211401791367,-5.889720162754,-4.502864087895,3278.0418312890124,14045745196.11,394176899881.7526,120247672.29,120247672.29,2024-07-31T00:00:00.000Z
202,-0.321879234423,-1.405409462678,-3.10155290647,-6.030428549886,3231.9719212015234,16145373031.81,388643007441.5634,120249499.97,120249499.97,2024-08-01T00:00:00.000Z
203,-0.167364323572,-0.94718356409,0.846319926963,-6.290387466728,3201.35921436789,20211625064.36,384967651889.65137,120251313.93,120251313.93,2024-08-02T00:00:00.000Z
204,0.383285184729,-6.729007322668,-8.845620928438,-9.292077026881,2985.939518408166,21400069829.97,359068651251.1712,120253156.18,120253156.18,2024-08-03T00:00:00.000Z
205,-0.208564116396,-2.807548133296,-10.679416867642,-5.092669525177,2902.107829197742,17840982152.99,348993488641.7847,120255176.3,120255176.3,2024-08-04T00:00:00.000Z
206,-1.217601098152,-7.376415281497,-17.813428246729,-9.857577869594,2688.0363037992806,21143496255.01,323256625180.8441,120257536.97,120257536.97,2024-08-05T00:00:00.000Z
207,-1.372243958846,-10.013470878723,-27.10378778365,-21.142775156158,2418.8705713088357,67655816080.76,290892442721.2598,120259614.62,120259614.62,2024-08-06T00:00:00.000Z
208,-0.544103683049,1.809902182171,-24.874364352011,-15.946550908535,2462.6497625628385,26046227469.8,296150815313.7918,120256976.78,120256976.78,2024-08-07T00:00:00.000Z
209,-0.563101674668,-4.845792028964,-27.495815749658,-22.376033388034,2343.314876667276,24266547856.94,281805014617.2815,120259132.66,120259132.66,2024-08-08T00:00:00.000Z
210,-0.886107833043,14.563904224078,-16.142087431955,-12.443808725196,2684.593010973669,23463857987.63,322852467992.16376,120261233.89,120261233.89,2024-08-09T00:00:00.000Z
211,2.1170269e-05,-3.159231942186,-12.9325803478,-16.172220067342,2599.780491053304,17904829993.3,312657935346.4432,120263205.46,120263205.46,2024-08-10T00:00:00.000Z
212,0.114832022785,0.40824713248,-10.051790836441,-15.79347005626,2610.394020358815,9362109677.12,313940060628.8837,120265392.19,120265392.19,2024-08-11T00:00:00.000Z
213,-0.513010398771,-2.11519633783,-4.942538981867,-18.483401203444,2555.1790616372523,13595011550.12,307305881529.6885,120267845.86,120267845.86,2024-08-12T00:00:00.000Z
214,0.995025869044,6.590404200734,12.596999697175,-14.265113213776,2723.5756898516656,21662093770.05,327565204827.78644,120270277.8,120270277.8,2024-08-13T00:00:00.000Z
215,-0.403937894672,-0.747862894282,9.768230909799,-16.725280129724,2703.207077869587,16388869175.7,325121258584.3638,120272420.58,120272420.58,2024-08-14T00:00:00.000Z
216,-0.258057981685,-1.493804462719,13.6350251696,-23.616855918506,2662.8264499038423,15824009472.73,320270860807.04767,120274778.26,120274778.26,2024-08-15T00:00:00.000Z
217,-0.300532818447,-3.482409900172,-4.264970240094,-25.433935699628,2570.0959179880015,16345389729.81,309123530174.20355,120277040.25,120277040.25,2024-08-16T00:00:00.000Z
218,-0.121959654703,0.90349548916,-0.248631467212,-23.456505199392,2593.316618674099,13273656062.29,311922035144.5768,120279194.95,120279194.95,2024-08-17T00:00:00.000Z
219,0.221755558935,0.816131904304,0.156584890558,-23.685023505569,2614.4815029787255,6676124133.86,314473966503.5177,120281580.17,120281580.17,2024-08-18T00:00:00.000Z
220,-1.285675595597,-0.062361550563,2.257063350389,-25.467552678246,2612.851071774286,9211856674.88,314284314499.0961,120284052.12,120284052.12,2024-08-19T00:00:00.000Z
221,0.499139973582,0.940133564303,-3.163500411882,-25.050431054911,2637.4153616852973,11974831745.4,317245493550.125,120286511.62,120286511.62,2024-08-20T00:00:00.000Z
222,-0.517205148976,-2.430446819293,-4.805132948094,-27.225525208794,2573.3143839156623,13246345010.82,309541262976.20935,120288941.34,120288941.34,2024-08-21T00:00:00.000Z
223,-0.009014531329,2.247622109224,-1.189476053034,-23.528738788184,2631.152766948394,12765129578.64,316504970147.2326,120291369.67,120291369.67,2024-08-22T00:00:00.000Z
224,-0.053280937838,-0.300480847205,2.068044949724,-24.68842996471,2623.24665682302,10723985294.03,315559973042.12726,120293672.05,120293672.05,2024-08-23T00:00:00.000Z
225,0.063413415975,5.384169375583,6.600431280123,-17.117328130188,2764.4866999656824,16868701736.04,332557084837.34204,120296142.08,120296142.08,2024-08-24T00:00:00.000Z
226,0.569666671639,0.196461541845,5.945207491609,-12.744555269662,2769.9178531605485,11764318608.16,333216888126.05054,120298473.02,120298473.02,2024-08-25T00:00:00.000Z
227,-0.87786501153,-0.78051824143,5.183880119801,-16.100306512023,2748.2981390439923,9376529565.49,330615750563.2179,120298356.96,120298356.96,2024-08-26T00:00:00.000Z
228,-0.247699497359,-2.447487298796,1.653836180156,-17.483593081367,2681.0338911578397,12281874212.18,322526021657.1527,120299121.44,120299121.44,2024-08-27T00:00:00.000Z
229,-0.152084405669,-8.28888764766,-4.449840272425,-24.822132870864,2458.806004124074,18035992571.03,295791688221.6564,120298912.45,120298912.45,2024-08-28T00:00:00.000Z
230,-0.139285528445,2.829331496765,-3.906234233008,-23.803748085917,2528.3737768431142,20352796077.97,304160110325.8263,120298712.6,120298712.6,2024-08-29T00:00:00.000Z
231,0.162427884549,-0.001236236124,-3.61781216429,-22.870339968208,2528.342520173133,13947268254.07,304155888134.07184,120298529.85,120298529.85,2024-08-30T00:00:00.000Z
232,0.011384394094,-0.092316713861,-8.626493392979,-21.843119339221,2526.0084374433695,15525999007.71,303880962232.64954,120300850.04,120300850.04,2024-08-31T00:00:00.000Z
233,-0.156264758078,-0.51209624486,-9.272658024031,-21.499816958635,2513.072843090387,6646457176.78,302331119564.152,120303365.02,120303365.02,2024-09-01T00:00:00.000Z
234,0.915578606238,-3.416444905693,-11.682977203827,-18.711846673296,2427.2150939662793,11802047203.92,292007974354.5713,120305767.33,120305767.33,2024-09-02T00:00:00.000Z
235,-0.249716819699,4.577058867344,-5.323458758741,-12.535635922396,2538.3101576541762,12520677614.88,305379716126.9886,120308274.86,120308274.86,2024-09-03T00:00:00.000Z
236,-1.195534944558,-4.47912157492,-1.390505974136,-9.799724195788,2424.61615974431,11412557522.4,291706644841.45844,120310443.23,120310443.23,2024-09-04T00:00:00.000Z
237,-0.501927874624,1.055506245562,-3.091538237649,1.295545276551,2450.208134741309,16710394859.83,294791604665.28143,120312883.01,120312883.01,2024-09-05T00:00:00.000Z
238,-0.108425872643,-3.364344172813,-6.350714697619,-3.852560110933,2367.774700138353,13640643631.78,284879107408.89667,120315124.32,120315124.32,2024-09-06T00:00:00.000Z
239,0.715319893913,-6.048125295134,-11.933440657108,-5.067443487093,2224.5687195675137,25834943072.25,267653837991.00476,120317181.32,120317181.32,2024-09-07T00:00:00.000Z
240,0.384084705094,2.20721591087,-9.52630917383,-15.30672452025,2273.669754294043,11124774520.9,273565837167.53372,120319073.01,120319073.01,2024-09-08T00:00:00.000Z
241,0.143426773811,1.036872153486,-5.354708424928,-11.636970477157,2297.2448028385484,10718163333.16,276407776866.0462,120321428.75,120321428.75,2024-09-09T00:00:00.000Z
242,0.09013228852,2.724521741368,-7.03130861182,-9.598561805625,2359.8337369443357,15891412933.2,283944460125.1804,120323926.08,120323926.08,2024-09-10T00:00:00.000Z
243,-0.072915561222,1.212918647631,-1.491351907648,-6.524883666572,2388.456600392821,12793258087.84,287393581043.55206,120326063.7,120326063.7,2024-09-11T00:00:00.000Z
244,0.025768210695,-1.997378475721,-4.467296097612,-14.055992969958,2340.7500823546316,15352672245.67,281658104082.7297,120328140.2,120328140.2,2024-09-12T00:00:00.000Z
245,0.023586779901,0.89654421867,-0.255039394014,-12.632074648428,2361.735941891499,12160202519.9,284188568681.0818,120330373.79,120330373.79,2024-09-13T00:00:00.000Z
246,-0.275800590119,3.361414106619,9.734693539965,-8.325844251266,2441.1236670033427,13751516944.99,293746839134.69824,120332633.33,120332633.33,2024-09-14T00:00:00.000Z
247,0.036187236516,-0.928810078138,6.367701808802,-5.90038887507,2418.450264364399,8168305078.94,291023899905.0398,120334870.72,120334870.72,2024-09-15T00:00:00.000Z
248,-1.262858319129,-4.190756871098,0.86425664663,-10.651137734153,2317.0988937364514,10163576219.36,278833592648.5593,120337372.48,120337372.48,2024-09-16T00:00:00.000Z
249,0.490642431126,-0.94097146414,-2.734857188601,-12.208380448077,2295.2956543504824,16814903059.21,276215227226.4771,120339716.02,120339716.02,2024-09-17T00:00:00.000Z
250,0.136924979391,2.030568865302,-1.949099142552,-10.369816382835,2341.9032132743464,15357662642.09,281828242729.2381,120341541.5,120341541.5,2024-09-18T00:00:00.000Z
251,1.48621236523,1.39522247986,1.445173120484,-9.965718412849,2374.5779733625227,18169984696.91,285764490745.9364,120343275.29,120343275.29,2024-09-19T00:00:00.000Z
252,-0.280107672966,3.83895992155,4.403588323725,-4.180496348298,2465.737070065853,18430226100.3,296739289868.6022,120345065.77,120345065.77,2024-09-20T00:00:00.000Z
253,0.408659603213,3.871401947284,4.918718278429,-2.658800538528,2561.1956630112877,19111405210.0,308229481635.03503,120345932.99,120345932.99,2024-09-21T00:00:00.000Z
254,1.466221688474,2.071339906312,8.095947614827,-0.343083481747,2614.246730857977,10797416158.12,314616715294.245,120346986.22,120346986.22,2024-09-22T00:00:00.000Z
255,-0.307503869395,-1.226583331037,11.440250703378,-6.594565412192,2582.180816225093,13181062323.92,310760665967.9834,120348142.94,120348142.94,2024-09-23T00:00:00.000Z
256,0.037858830853,2.54549721543,15.36248726741,-4.404740596255,2647.9101569994814,19914555507.66,318675256412.80963,120349723.94,120349723.94,2024-09-24T00:00:00.000Z
257,-0.531700231967,0.210094070477,13.304138454164,-3.450312703195,2653.473259230887,16657418790.5,319377900243.847,120362207.96,120362207.96,2024-09-25T00:00:00.000Z
258,0.2920647546,-2.790970261312,8.626275431221,-3.790264711651,2579.415609673889,14120760753.81,310464690082.8966,120362414.23,120362414.23,2024-09-26T00:00:00.000Z
259,-0.18046517757,2.056960146186,6.762119640723,7.063068674552,2632.473160769376,17328580897.49,316851766924.77795,120362772.03,120362772.03,2024-09-27T00:00:00.000Z
260,-0.414447942096,2.389437025459,5.238911969303,6.605062662984,2695.374449158063,17024067279.03,324423915003.68365,120363207.83,120363207.83,2024-09-28T00:00:00.000Z
261,0.020439075037,-0.683967813366,2.398098996478,5.877227239481,2676.9389554761397,10253549813.71,322207979513.64764,120364335.86,120364335.86,2024-09-29T00:00:00.000Z
262,0.049641008469,-0.700554413939,2.943431566156,5.232646972292,2658.185541465086,11116681338.78,319955773329.9353,120366230.4,120366230.4,2024-09-30T00:00:00.000Z
263,-0.020024025379,-2.11253326026,-1.732674694268,3.539795710116,2602.0304877822014,17828556563.62,313201119391.97614,120367966.81,120367966.81,2024-10-01T00:00:00.000Z
264,-0.190273962989,-5.898509071974,-7.722850611482,0.878965753452,2448.5494834048504,25482644101.54,294730613086.58765,120369473.88,120369473.88,2024-10-02T00:00:00.000Z
265,-0.736692443781,-3.454887190475,-8.353083850294,-6.868951620359,2363.9548609502544,20148351755.9,284549365472.23254,120370050.28,120370050.28,2024-10-03T00:00:00.000Z
266,-0.094984947144,-0.608283567664,-10.746466592753,-3.094957833165,2349.575311984108,18053945422.19,282821939134.7649,120371514.67,120371514.67,2024-10-04T00:00:00.000Z
267,-0.263175289089,2.761840724349,-10.421839883734,-1.458704443709,2414.4668397997284,14879503834.71,290637552488.96844,120373387.49,120373387.49,2024-10-05T00:00:00.000Z
268,-0.137830615719,0.012259142798,-9.793877525761,1.984484951052,2414.762832737426,8153230602.5,290677675552.2314,120375248.29,120375248.29,2024-10-06T00:00:00.000Z
269,0.331991627513,1.037793585436,-8.214718330973,9.676229152112,2439.8230865190744,8459173103.65,293699424107.367,120377344.46,120377344.46,2024-10-07T00:00:00.000Z
270,0.184546387601,-0.716540129618,-6.905749706371,6.538813318762,2422.340775012486,17418136512.88,291599234461.0974,120379113.24,120379113.24,2024-10-08T00:00:00.000Z
271,-0.026920378431,0.711504728982,-0.366487967138,6.195728081062,2439.5758441787475,14066087734.66,293674972028.9277,120379521.19,120379521.19,2024-10-09T00:00:00.000Z
272,-0.153023170337,-2.931358280811,0.173788204308,0.348727903181,2368.0631356537406,14954996424.33,285067411095.4595,120379987.68,120379987.68,2024-10-10T00:00:00.000Z
273,0.353020384229,0.677510196813,1.469699341175,-0.182109045957,2384.107004864753,15327233238.0,286999556149.261,120380316.64,120380316.64,2024-10-11T00:00:00.000Z
274,-0.023928440724,2.279238071109,0.993164999436,4.173721823507,2438.446479375614,13495310848.43,293544246591.013,120381664.75,120381664.75,2024-10-12T00:00:00.000Z
275,-0.45395105045,1.538827662392,2.534705883561,4.836867001731,2475.9699683328718,9372267410.45,298062702760.75256,120382196.3,120382196.3,2024-10-13T00:00:00.000Z
276,0.040733967744,-0.347584811097,1.128802593463,1.074923247313,2467.3638727956127,9191868891.64,297029702699.2837,120383420.53,120383420.53,2024-10-14T00:00:00.000Z
277,-0.754360013442,6.559691049491,8.54027422728,8.714880709311,2629.21531991777,21433752145.61,316517991215.8748,120384963.84,120384963.84,2024-10-15T00:00:00.000Z
278,0.502532347262,-0.846378522857,6.86128952912,12.50975144727,2606.9622061303185,22004740598.82,313840261642.6328,120385428.26,120385428.26,2024-10-16T00:00:00.000Z
279,-0.407922478243,0.144982286081,10.247982844144,13.743161347674,2610.7418395340273,17013523567.42,314297289634.1226,120386200.15,120386200.15,2024-10-17T00:00:00.000Z
280,-0.257110220568,-0.211042359511,9.274963877006,11.24422450886,2605.2320683551293,15153263251.21,313637018087.0541,120387362.76,120387362.76,2024-10-18T00:00:00.000Z
281,0.215124736387,1.402223248111,8.337962732784,11.251905295153,2641.763238084844,17041647199.62,318036591438.51184,120387999.52,120387999.52,2024-10-19T00:00:00.000Z
282,-0.056881270434,0.26565515634,6.97953740241,7.423506362516,2648.7812183451156,8558833874.75,318881846580.38104,120388140.92,120388140.92,2024-10-20T00:00:00.000Z
283,-0.042508434832,3.678461089109,11.301605534413,7.223967479656,2746.2156047975764,14583829051.53,330615502050.90967,120389492.17,120389492.17,2024-10-21T00:00:00.000Z
284,-0.391326599812,-2.934562671869,1.384856788889,1.965363686056,2665.6261867701573,17324322536.5,320917705839.6124,120391113.89,120391113.89,2024-10-22T00:00:00.000Z
285,-0.548112365664,-1.6884696689,0.523816224027,1.488551098113,2620.617897120287,15542201077.14,315503945741.9054,120392960.03,120392960.03,2024-10-23T00:00:00.000Z
286,0.580411788968,-3.715471544228,-3.351241143008,-4.707885265673,2523.2495848698477,17965664953.26,303785346509.3971,120394489.84,120394489.84,2024-10-24T00:00:00.000Z
287,0.12593635905,0.447631594145,-2.713294604457,-4.482005296503,2534.544447210855,16129931041.58,305148551776.54517,120395817.92,120395817.92,2024-10-25T00:00:00.000Z
288,-1.028096478227,-3.890699821459,-7.79139872147,-5.562604111076,2435.9329309284294,22572801976.39,293280013917.4641,120397409.22,120397409.22,2024-10-26T00:00:00.000Z
289,-0.15501035615,1.806954977769,-6.373953231654,-5.793943914165,2479.9491422789606,13560321885.12,298584019719.6696,120399251.19,120399251.19,2024-10-27T00:00:00.000Z
290,-0.216530764908,1.03866663888,-8.757799558651,-7.036755228436,2505.70754668101,9805159031.63,301690250569.95856,120401221.99,120401221.99,2024-10-28T00:00:00.000Z
291,-0.032188132162,2.395512852304,-3.747490712053,-4.154254703707,2565.732093002906,18969412399.94,308922550131.2635,120403276.31,120403276.31,2024-10-29T00:00:00.000Z
292,0.071892070746,2.807741463821,0.65455249036,-0.767979673275,2637.7712168287026,22187510779.45,317600339125.9141,120404808.84,120404808.84,2024-10-30T00:00:00.000Z
293,-0.004111084543,0.776954370549,5.350874187108,2.161197113746,2658.2654955829476,22381402213.65,320071870633.8836,120406284.16,120406284.16,2024-10-31T00:00:00.000Z
294,-0.124831313786,-5.373848109107,-0.754774757191,2.730794805735,2515.4143455135236,19760409505.25,302874894978.63837,120407556.52,120407556.52,2024-11-01T00:00:00.000Z
295,0.01217773913,-0.152762819671,3.105126407386,6.244487537436,2511.571727632899,20216170244.78,302416309213.6856,120409186.76,120409186.76,2024-11-02T00:00:00.000Z
296,0.034314418544,-0.749257378029,0.516319010817,6.093793990971,2492.7535911591303,9640118922.79,300154490633.18396,120410814.65,120410814.65,2024-11-03T00:00:00.000Z
297,-0.121863319253,-1.453299644663,-1.962764356506,1.74198177351,2456.5264120764828,15666504146.39,295797388114.7874,120412866.99,120412866.99,2024-11-04T00:00:00.000Z
298,-0.369364712109,-2.455465565276,-6.607269774548,-0.768422495155,2396.2072519260378,17112354964.29,288539521124.7244,120415093.85,120415093.85,2024-11-05T00:00:00.000Z
299,-0.509479605547,1.09779961991,-8.160617168974,-0.709489166849,2422.5128060299317,17892800941.91,291711703221.36847,120416991.19,120416991.19,2024-11-06T00:00:00.000Z
300,-0.39035462853,12.462650609215,2.488713694547,12.470637538391,2724.4221130089345,41889611340.76,328072201138.3023,120419005.4,120419005.4,2024-11-07T00:00:00.000Z
301,0.510481612529,6.300555613601,15.133152856257,18.712269196256,2896.0758433883093,35350580467.01,348743396933.8537,120419290.03,120419290.03,2024-11-08T00:00:00.000Z
302,0.077747642231,2.314569901428,17.978217009735,25.127894546776,2963.107543181892,32302273196.73,356817817569.8331,120420137.43,120420137.43,2024-11-09T00:00:00.000Z
303,-0.223042644007,5.593848591588,25.518194170908,31.238207277148,3128.8592927534005,29226890006.07,376781439687.1129,120421343.51,120421343.51,2024-11-10T00:00:00.000Z
304,0.055429648573,1.87678549087,29.759698667155,30.721805745998,3187.5812699895187,47403776812.55,383858288522.6478,120423059.37,120423059.37,2024-11-11T00:00:00.000Z
305,0.899842521668,5.913800281339,40.893007371896,36.354176475543,3376.088460102057,55422432563.86,406561414634.6222,120423803.89,120423803.89,2024-11-12T00:00:00.000Z
306,-1.334285351593,-3.824335097124,34.033368828033,31.596946847304,3246.975524212433,56672242095.92,391012866341.7992,120423718.45,120423718.45,2024-11-13T00:00:00.000Z
307,0.26766671852,-1.718851492988,17.131806473745,21.373278664653,3191.1648369375466,51960578230.67,384290664267.4547,120423319.98,120423319.98,2024-11-14T00:00:00.000Z
308,-1.011707755848,-4.166912444216,5.597779809999,17.308635508423,3058.191792231763,35740007903.07,368271336037.7864,120421268.86,120421268.86,2024-11-15T00:00:00.000Z
309,-0.37979061047,1.026564170123,4.268442788504,18.341309992408,3089.586093424459,31634285961.19,372049844952.7971,120420610.95,120420610.95,2024-11-16T00:00:00.000Z
310,-0.042070209812,1.417170744851,0.144190278371,20.272233776693,3133.3708036774474,26647494051.51,377324590135.6044,120421301.46,120421301.46,2024-11-17T00:00:00.000Z
311,0.233075903362,-1.844162808339,-3.513476703332,16.421725472201,3075.5863446686603,28349334321.81,370369822887.125,120422508.55,120422508.55,2024-11-18T00:00:00.000Z
312,1.735899770644,4.313588948795,-4.971254892831,21.121913547369,3208.254497342924,35521300579.31,386350865350.3079,120424008.03,120424008.03,2024-11-19T00:00:00.000Z
313,0.556183222202,-3.022056823286,-4.178543995885,13.294062489567,3111.299223397605,29817496525.96,374679093831.15576,120425284.4,120425284.4,2024-11-20T00:00:00.000Z
314,-0.124200718688,-1.267222423473,-3.738217893961,15.240169729103,3071.8721419773547,29789281905.99,369934244759.1435,120426315.83,120426315.83,2024-11-21T00:00:00.000Z
315,-0.430288893767,9.360370339515,9.849577104883,28.191551867,3359.4107508228335,51621342819.22,404565574217.25806,120427540.49,120427540.49,2024-11-22T00:00:00.000Z
316,0.581768269076,-0.827404206142,7.833695007224,32.03667464948,3331.614844968947,36776245906.29,401221015477.85394,120428391.08,120428391.08,2024-11-23T00:00:00.000Z
317,-0.380418846934,1.965158580783,8.416353276367,34.031437630215,3397.086359973494,38836893549.83,409110259395.44556,120429749.51,120429749.51,2024-11-24T00:00:00.000Z
318,0.09056361363,-0.994130405445,9.355242046769,38.070915207337,3363.3148915697816,27900511794.31,405047057940.6494,120430905.52,120430905.52,2024-11-25T00:00:00.000Z
319,-1.090893827521,1.509467594932,6.415592740573,37.667461875293,3414.0830399735496,51543347708.13,411166849288.6151,120432585.99,120432585.99,2024-11-26T00:00:00.000Z
320,0.012755580261,-2.608290295685,6.869625986159,32.69840080737,3325.033843355294,39863329382.65,400446570144.4949,120433832.86,120433832.86,2024-11-27T00:00:00.000Z
321,-0.353021413344,9.987762194291,19.052165828596,42.537497444991,3657.130316509327,43401935630.62,440447917924.4746,120435390.54,120435390.54,2024-11-28T00:00:00.000Z
322,-0.363499533729,-2.121387074916,6.552865730554,35.703521360189,3579.5484266620583,32356009867.67,431108182070.5548,120436471.5,120436471.5,2024-11-29T00:00:00.000Z
323,-0.137866978664,0.394171580426,7.865349282325,35.188076406924,3593.6579892675613,27623133399.51,432812932361.0871,120437986.49,120437986.49,2024-11-30T00:00:00.000Z
324,-0.12697228509,3.12530000855,9.092622029848,47.330422493747,3705.9705827133885,30673248963.08,446345250889.81445,120439501.86,120439501.86,2024-12-01T00:00:00.000Z
325,-0.328564226851,0.14083121723,10.343213937457,47.763637620372,3711.189746195202,28022931478.87,446979515742.7482,120441030.05,120441030.05,2024-12-02T00:00:00.000Z
326,0.74505178471,-1.797886782659,6.748040794497,46.202447333524,3644.466756268953,47285767494.7,438947906610.6995,120442285.79,120442285.79,2024-12-03T00:00:00.000Z
327,-0.404230440399,-0.731742086832,8.804867246765,47.272939602332,3617.798659172733,36837729939.18,435735278632.81024,120442102.97,120442102.97,2024-12-04T00:00:00.000Z
328,-0.137771055346,6.243133786615,5.100511519753,60.406102873855,3843.6626695952586,56830217049.33,462938381276.005,120441990.12,120441990.12,2024-12-05T00:00:00.000Z
329,-0.572625120835,-1.393629954335,5.88196564287,56.453093905394,3790.0962352882048,61084294094.56,456486344839.5671,120441887.62,120441887.62,2024-12-06T00:00:00.000Z
330,-0.610242381683,5.683375885387,11.460290954786,47.022065032856,4005.5016507575187,52855230677.12,482430894303.8111,120442066.03,120442066.03,2024-12-07T00:00:00.000Z
331,0.033995270403,-0.145440105721,7.925196804816,38.10674378757,3999.676044922013,22574204024.19,481730670505.7524,120442422.11,120442422.11,2024-12-08T00:00:00.000Z
332,-0.128634882436,0.204793672335,7.99413132904,35.258915512466,4007.867128375915,21006422025.84,482722188901.5001,120443660.79,120443660.79,2024-12-09T00:00:00.000Z
333,0.035739833778,-7.25507375062,1.992792388392,18.800273984655,3717.093412385367,57031872507.73,447706061926.71967,120445200.66,120445200.66,2024-12-10T00:00:00.000Z
334,-0.158009370828,-2.309823670656,0.37139849336,13.918196943655,3631.235108885705,58418822380.64,437363957781.249,120444957.34,120444957.34,2024-12-11T00:00:00.000Z
335,-0.128707889509,5.585107098124,-0.250261058799,13.564662893512,3834.0434787016616,35969933567.94,461790881785.72156,120444873.5,120444873.5,2024-12-12T00:00:00.000Z
336,-0.003756261942,1.259365940718,2.433497077932,19.567520219187,3882.3281164247383,42969319503.09,467608288161.6634,120445329.23,120445329.23,2024-12-13T00:00:00.000Z
337,0.240798785363,0.634569341193,-2.460053171188,22.430660276561,3906.9641803760724,34895650232.39,470577504923.92926,120445820.13,120445820.13,2024-12-14T00:00:00.000Z
338,0.189047151199,-0.96713125739,-3.262697650603,26.518510657209,3869.178708572625,28722241764.54,466030580529.27466,120446899.88,120446899.88,2024-12-15T00:00:00.000Z
339,1.760042715743,2.281463520923,-1.257888981672,28.09005768736,3957.4526093680374,25084068378.04,476669292078.7051,120448515.53,120448515.53,2024-12-16T00:00:00.000Z
340,-1.074265843523,0.743288935926,7.257673521836,27.238943826209,3986.8679167579744,46527696946.37,480219131319.528,120450223.42,120450223.42,2024-12-17T00:00:00.000Z
341,0.267590875043,-2.343605314507,7.220583400154,26.59151888639,3893.431468378453,35426604297.96,468968137753.40564,120451108.89,120451108.89,2024-12-18T00:00:00.000Z
342,-1.449419500553,-6.880806071283,-5.438422395023,13.006371611843,3625.5319995210216,48954514196.29,436702844236.26965,120452072.77,120452072.77,2024-12-19T00:00:00.000Z
343,-1.070067723366,-5.806652655527,-12.037060058212,9.761540250204,3415.0099493938465,58871919984.49,411347426388.9523,120452775.39,120452775.39,2024-12-20T00:00:00.000Z
344,0.056173769179,1.664431495386,-11.136875326358,13.020669158688,3471.850450562136,66376531032.12,418195373475.6786,120453164.51,120453164.51,2024-12-21T00:00:00.000Z
345,0.220631818672,-3.896295271709,-13.765241749535,-0.679697926226,3336.5769056160852,31565984360.26,401902602597.00354,120453570.82,120453570.82,2024-12-22T00:00:00.000Z
346,-0.233533823895,-1.7583797021,-17.171283193554,-1.612060004093,3277.9072145627765,24779885877.67,394841311784.0224,120455304.54,120455304.54,2024-12-23T00:00:00.000Z
347,-1.045161799239,4.279703735416,-14.263727732232,0.621284532036,3418.1919320679035,34495533339.17,411746002775.2762,120457250.78,120457250.78,2024-12-24T00:00:00.000Z
348,0.02050605296,2.138946721783,-10.328324392026,3.805482058613,3491.3052363431234,23080515414.09,420558062247.3827,120458692.03,120458692.03,2024-12-25T00:00:00.000Z
349,0.622812115493,0.094058794716,-3.611687431528,2.35805851973,3494.5891159682897,17653528486.83,420960108237.5022,120460544.65,120460544.65,2024-12-26T00:00:00.000Z
350,-0.19823659333,-4.686453939421,-2.465384990529,0.17392193865,3330.8168066764215,22247224006.57,401239168117.5988,120462694.71,120462694.71,2024-12-27T00:00:00.000Z
351,0.356913562291,-0.075107539343,-4.134260403007,-8.991071575767,3328.3151121329156,24091456121.86,400943777882.7433,120464488.6,120464488.6,2024-12-28T00:00:00.000Z
352,-0.203407064674,2.107104570909,1.854274249597,-5.059359815283,3398.4461919949226,14303348322.45,409398997847.5351,120466523.44,120466523.44,2024-12-29T00:00:00.000Z
353,0.493566730184,-1.43086966545,2.193827862325,-6.785262639315,3349.8188563370236,13440382974.69,403548390424.25433,120468720.17,120468720.17,2024-12-30T00:00:00.000Z
354,0.098456238419,0.17487003827,-1.828898068255,-9.452149957538,3355.6766858530714,26982102677.41,404260910759.7545,120470757.05,120470757.05,2024-12-31T00:00:00.000Z
355,-0.060648109705,-0.727032752447,-4.583541347134,-10.236876982752,3331.2798172806883,20845398550.46,401328214313.46405,120472682.07,120472682.07,2025-01-01T00:00:00.000Z
356,-0.056711591301,0.657262811384,-4.046657006379,-7.992710459084,3353.175080662804,14196730625.86,403972041829.5103,120474485.26,120474485.26,2025-01-02T00:00:00.000Z
357,0.392728797492,2.939756268789,3.630744518319,-4.589763541751,3451.750255300065,22245335522.78,415850328694.18085,120475207.63,120475207.63,2025-01-03T00:00:00.000Z
358,-0.218205106719,4.510067234816,8.385966804696,-6.146120960924,3607.426512592048,21877284208.96,434606684062.3198,120475547.47,120475547.47,2025-01-04T00:00:00.000Z
359,-0.113666191608,1.358416116041,7.591239323612,-3.526714132751,3656.430375713421,16059235288.6,440506048628.7611,120474343.38,120474343.38,2025-01-05T00:00:00.000Z
360,-0.265951566776,-0.587116131849,8.512222272895,-9.250745597862,3634.9628831277855,12829714317.22,437918809796.9112,120474080.17,120474080.17,2025-01-06T00:00:00.000Z
361,0.247554126483,1.490327035771,9.937162101105,-7.764136988069,3689.1357177152695,23966231463.97,444442434152.1634,120473321.71,120473321.71,2025-01-07T00:00:00.000Z
362,-0.455118408591,-8.359791266863,1.48447016146,-15.647610964266,3380.731672162969,32237758886.18,407294133744.5165,120475143.62,120475143.62,2025-01-08T00:00:00.000Z
363,-0.17217816133,-1.601104358176,-0.792456403315,-10.505272239393,3326.602630021734,34336896388.32,400779626435.55865,120477156.73,120477156.73,2025-01-09T00:00:00.000Z
364,-0.18114155834,-3.22986799559,-6.738393040131,-11.348131976999,3219.157756334221,28826034040.75,387842901336.0881,120479619.42,120479619.42,2025-01-10T00:00:00.000Z
